review_priority,suggested_action_code,source_bucket,owner,table_name,num_rows_stats,inferred_domain,column_count_in_current_file,has_primary_key,dependency_count,review_reason,cleanup_reason,manual_decision,manual_note
P0,KEEP_CORE,keep_p0,HRPSEY656,ORG_DEPT,325,科室/组织,80,true,77,????77???????????,核心表白名单,,
P0,KEEP_CORE,keep_p0,HRPSEY656,BD_PSNDOC,3279,人员,115,true,72,????72???????????,核心表白名单,,
P0,KEEP_CORE,keep_p0,HRPSEY656,BD_MATERIAL,37976,供应商/物资,118,true,31,????31???????????,核心表白名单,,
P0,KEEP_CORE,keep_p0,HRPSEY656,BD_DEFDOC,22087,字典/编码,50,true,26,????26???????????,核心表白名单,,
P0,KEEP_CORE,keep_p0,HRPSEY656,BD_STORDOC,135,其他,45,true,20,????20???????????,核心表白名单,,
P0,KEEP_CORE,keep_p0,HRPSEY656,BD_MARBASCLASS,38,字典/编码,41,true,19,????19???????????,核心表白名单,,
P0,KEEP_CORE,keep_p0,HRPSEY656,BD_MEASDOC,113,其他,22,true,17,????17???????????,核心表白名单,,
P0,KEEP_CORE,keep_p0,HRPSEY656,BD_SUPPLIER,3035,供应商/物资,97,true,15,????15???????????,核心表白名单,,
P0,KEEP_CORE,keep_p0,HRPSEY656,ORG_ADMINORG,1,科室/组织,62,true,13,????13???????????,核心表白名单,,
P0,KEEP_CORE,keep_p0,HRPSEY656,IC_ONHANDDIM,237814,其他,34,true,12,????12???????????,核心表白名单,,
P0,KEEP_CORE,keep_p0,HRPSEY656,IC_ONHANDNUM,189118,其他,21,true,12,????12???????????,核心表白名单,,
P0,KEEP_CORE,keep_p0,HRPSEY656,SCM_BATCHCODE,75445,供应商/物资,45,true,11,????11???????????,,,
P0,KEEP_CORE,keep_p0,HRPSEY656,HI_PSNJOB,5460,人员,73,true,11,????11???????????,核心表白名单,,
P0,KEEP_CORE,keep_p0,HRPSEY656,IC_MATERIAL_B,1280451,供应商/物资,168,true,8,????8???????????,核心表白名单,,
P0,KEEP_CORE,keep_p0,HRPSEY656,IC_MATERIAL_H,176371,供应商/物资,60,true,8,????8???????????,核心表白名单,,
P0,KEEP_CORE,keep_p0,HRPSEY656,SM_USER,987,用户账号,39,true,7,????7???????????,核心表白名单,,
P0,KEEP_CORE,keep_p0,HRPSEY656,ORG_DEPT_V,328,科室/组织,75,true,7,????7???????????,,,
P0,KEEP_CORE,keep_p0,HRPSEY656,BD_PSNCL,19,人员,22,true,6,????6???????????,核心表白名单,,
P0,KEEP_CORE,keep_p0,HRPSEY656,BD_BILLTYPE,1852,财务,43,true,5,????5???????????,,,
P0,KEEP_CORE,keep_p0,HRPSEY656,PO_INVOICE_B,699846,供应商/物资,118,true,4,????4???????????,核心表白名单,,
P0,KEEP_CORE,keep_p0,HRPSEY656,BD_MATERIALSTOCK,37766,供应商/物资,124,true,4,????4???????????,,,
P0,KEEP_CORE,keep_p0,HRPSEY656,WA_DATA,124520,其他,0,true,3,????3???????????,核心表白名单,,
P0,KEEP_CORE,keep_p0,HRPSEY656,MD_ENUMVALUE,10133,字典/编码,11,true,3,????3???????????,核心表白名单,,
P0,KEEP_CORE,keep_p0,HRPSEY656,WA_WACLASS,8,字典/编码,0,true,3,????3???????????,,,
P0,KEEP_CORE,keep_p0,HRPSEY656,PO_INVOICE,11036,供应商/物资,91,true,2,????2???????????,核心表白名单,,
P0,KEEP_CORE,keep_p0,HRPSEY656,HI_PSNDOC_EDU,3824,人员,40,true,2,????2???????????,核心表白名单,,
P0,KEEP_CORE,keep_p0,HRPSEY656,HI_PSNDOC_GLBDEF2,3567,人员,20,true,2,????2???????????,核心表白名单,,
P0,KEEP_CORE,keep_p0,HRPSEY656,ORG_STOCKORG,1,科室/组织,60,true,2,????2???????????,,,
P0,KEEP_CORE,keep_p0,HRPSEY656,GL_DETAIL,1086132,财务,87,true,1,????1???????????,核心表白名单,,
P0,KEEP_CORE,keep_p0,HRPSEY656,PO_PRAYBILL_B,176218,财务,98,true,1,????1???????????,,,
P0,KEEP_CORE,keep_p0,HRPSEY656,FA_DEPTSCALE,36505,科室/组织,10,true,1,????1???????????,,,
P0,KEEP_CORE,keep_p0,HRPSEY656,GL_DOCFREE1,21809,财务,34,true,1,????1???????????,核心表白名单,,
P0,KEEP_CORE,keep_p0,HRPSEY656,HI_PSNDOC_PSNCHG,3287,人员,28,true,1,????1???????????,,,
P0,KEEP_CORE,keep_p0,HRPSEY656,BM_CENTERDEPTMAKE_B,1832,科室/组织,108,true,1,????1???????????,,,
P0,KEEP_CORE,keep_p0,HRPSEY656,OM_JOB,326,岗位/职务,38,true,1,????1???????????,核心表白名单,,
P0,KEEP_CORE,keep_p0,HRPSEY656,CDA_SECTION_MAP,205,科室/组织,14,true,1,????1???????????,,,
P0,KEEP_CORE,keep_p0,HRPSEY656,BM_CENTERDEPTMAKE,148,科室/组织,63,true,1,????1???????????,,,
P0,KEEP_CORE,keep_p0,HRPSEY656,WA_ITEM,86,其他,0,true,1,????1???????????,核心表白名单,,
P0,KEEP_CORE,keep_p0,HRPSEY656,BM_BUDGETCENTERDEPT,39,科室/组织,45,true,1,????1???????????,,,
P0,KEEP_CORE,keep_p0,HRPSEY656,BD_VOUCHERTYPE,5,财务,31,true,1,????1???????????,,,
P0,KEEP_CORE,keep_p0,HRPSEY656,BD_SUPPLIERCLASS,4,供应商/物资,32,true,1,????1???????????,核心表白名单,,
P0,AUDIT_EXCLUDED,exclusion_audit,HRPSEY656,TEMP_FA_ASSETSD,,人员,3,false,59,?????????59?,NUM_ROWS缺失; 表名疑似备份/临时/测试,,
P0,AUDIT_EXCLUDED,exclusion_audit,HRPSEY656,TEMP_FA_CAPTIALSOURCE,,人员,4,false,59,?????????59?,NUM_ROWS缺失; 表名疑似备份/临时/测试,,
P0,AUDIT_EXCLUDED,exclusion_audit,HRPSEY656,BD_RACK,0,其他,28,true,2,?????????2?,NUM_ROWS=0,,
P0,AUDIT_EXCLUDED,exclusion_audit,HRPSEY656,HI_PSNDOC_CTRT,0,人员,47,true,1,?????????1?,NUM_ROWS=0,,
P0,AUDIT_EXCLUDED,exclusion_audit,HRPSEY656,HI_PSNDOC_LANGABILITY,0,人员,19,true,1,?????????1?,NUM_ROWS=0,,
P0,AUDIT_EXCLUDED,exclusion_audit,HRPSEY656,HI_PSNDOC_TITLE,0,人员,27,true,1,?????????1?,NUM_ROWS=0,,
P0,AUDIT_EXCLUDED,exclusion_audit,HRPSEY656,HI_PSNTRANSTER,0,人员,34,true,1,?????????1?,NUM_ROWS=0,,
P0,AUDIT_EXCLUDED,exclusion_audit,HRPSEY656,HSTF_INSTOCKDATA,0,供应商/物资,55,true,1,?????????1?,NUM_ROWS=0,,
P0,AUDIT_EXCLUDED,exclusion_audit,HRPSEY656,HSTF_INSTOCKDATAB,0,供应商/物资,50,true,1,?????????1?,NUM_ROWS=0,,
P0,AUDIT_EXCLUDED,exclusion_audit,HRPSEY656,HSTF_OUTSTOCKDATA,0,供应商/物资,56,true,1,?????????1?,NUM_ROWS=0,,
P0,AUDIT_EXCLUDED,exclusion_audit,HRPSEY656,HSTF_OUTSTOCKDATA_B,0,供应商/物资,51,true,1,?????????1?,NUM_ROWS=0,,
P0,AUDIT_EXCLUDED,exclusion_audit,HRPSEY656,PAM_WARCONTRACT_R,0,其他,36,true,1,?????????1?,NUM_ROWS=0,,
P0,REVIEW_INCLUDE,review,HRPSEY656,FA_CARD,115442,其他,77,true,61,?????????61????????????,,,
P0,REVIEW_INCLUDE,review,HRPSEY656,FA_CARDHISTORY,1454132,其他,80,true,60,?????????60????????????,,,
P0,REVIEW_INCLUDE,review,HRPSEY656,FA_CARDSUB,115832,其他,83,true,59,?????????59????????????,,,
P0,REVIEW_INCLUDE,review,HRPSEY656,FA_CATEGORY,5893,其他,39,true,44,?????????44???????,,,
P0,REVIEW_INCLUDE,review,HRPSEY656,PAM_EQUIP,55337,其他,223,true,3,?????????3???????????????223??,,,
P1,AUDIT_EXCLUDED,exclusion_audit,HRPSEY656,IC_ONHANDSN_20260531,1396312,其他,19,false,0,????10?,表名含日期快照,,
P1,AUDIT_EXCLUDED,exclusion_audit,HRPSEY656,SM_BUSILOG_DEFAULT_20250925,1263172,字典/编码,15,false,0,????10?,表名含日期快照; 日志/审计/跟踪类,,
P1,AUDIT_EXCLUDED,exclusion_audit,HRPSEY656,SM_LOG_OPERATELOG,1078200,其他,26,true,0,????10?,日志/审计/跟踪类,,
P1,AUDIT_EXCLUDED,exclusion_audit,HRPSEY656,PUB_WORKINGTASKLOG_BAK,471830,其他,14,false,0,????10?,表名疑似备份/临时/测试; 日志/审计/跟踪类,,
P1,AUDIT_EXCLUDED,exclusion_audit,HRPSEY656,SM_BUSILOG_DEFAULT,339007,字典/编码,15,true,0,????10?,日志/审计/跟踪类,,
P1,AUDIT_EXCLUDED,exclusion_audit,HRPSEY656,IC_ONHANDDIM_20260531,233053,其他,34,false,0,????10?,表名含日期快照,,
P1,AUDIT_EXCLUDED,exclusion_audit,HRPSEY656,FA_LOG,115012,其他,17,true,0,????10?,日志/审计/跟踪类,,
P1,AUDIT_EXCLUDED,exclusion_audit,HRPSEY656,GL_DETAIL_20220809,101548,财务,87,false,0,????10?,表名含日期快照,,
P1,REVIEW_INCLUDE,review,HRPSEY656,IC_PURCHASEIN_B,255134,其他,200,true,2,?????????2???????????????200??,,,
P1,REVIEW_INCLUDE,review,HRPSEY656,IC_PURCHASEIN_H,68786,其他,80,true,2,?????????2????????????,,,
P1,REVIEW_INCLUDE,review,HRPSEY656,BD_PROJECT,1523,其他,179,true,2,?????????2??????????179??,,,
P1,REVIEW_INCLUDE,review,HRPSEY656,IC_ONHANDSN,1428995,其他,19,true,1,?????????1????????????,,,
P1,REVIEW_INCLUDE,review,HRPSEY656,IC_GENERALIN_B,324497,其他,118,true,1,?????????1????????????,,,
P1,REVIEW_INCLUDE,review,HRPSEY656,FA_CAPITALSOURCE,115955,其他,12,true,1,?????????1????????????,,,
P1,REVIEW_INCLUDE,review,HRPSEY656,IC_GENERALIN_H,105990,其他,57,true,1,?????????1????????????,,,
P1,REVIEW_INCLUDE,review,HRPSEY656,FIP_DOCVIEW_B,14404,其他,16,true,1,?????????1????????????,,,
P1,REVIEW_INCLUDE,review,HRPSEY656,BD_ADDRESS,8487,其他,15,true,1,?????????1???????,,,
P1,REVIEW_INCLUDE,review,HRPSEY656,PAM_CATEGORY,5926,其他,47,true,1,?????????1???????,,,
P1,REVIEW_INCLUDE,review,HRPSEY656,BD_COUNTRYZONE,238,其他,34,true,1,?????????1???????,,,
P1,REVIEW_INCLUDE,review,HRPSEY656,PAM_ADDREDUCESTYLE,23,其他,21,true,1,?????????1???????,,,
P1,REVIEW_INCLUDE,review,HRPSEY656,BD_FUNDSOURCE,13,其他,39,true,1,?????????1???????,,,
P1,REVIEW_INCLUDE,review,HRPSEY656,PAM_STATUS,6,其他,40,true,1,?????????1???????,,,
P1,REVIEW_INCLUDE,review,HRPSEY656,FIP_MESSAGELOG,6884615,其他,19,true,0,??????????,,,
P1,REVIEW_INCLUDE,review,HRPSEY656,SM_MSG_MESSAGETOPUSH,4385609,其他,5,true,0,??????????,,,
P1,REVIEW_INCLUDE,review,HRPSEY656,SN_REF,3562704,其他,44,true,0,??????????,,,
P1,REVIEW_INCLUDE,review,HRPSEY656,IA_DETAILLEDGER,3114644,其他,178,true,0,?????????????178??,,,
P1,REVIEW_INCLUDE,review,HRPSEY656,SM_MSG_CONTENT,2890471,其他,31,true,0,??????????,,,
P1,REVIEW_INCLUDE,review,HRPSEY656,FIP_RELATION,2789025,其他,37,true,0,??????????,,,
P1,REVIEW_INCLUDE,review,HRPSEY656,IC_FLOWDETAIL,2695436,其他,25,true,0,??????????,,,
P1,REVIEW_INCLUDE,review,HRPSEY656,IA_ASSISTANTLEDGER,2230170,其他,37,true,0,??????????,,,
P1,REVIEW_INCLUDE,review,HRPSEY656,IC_FLOW,2179447,其他,165,true,0,?????????????165??,,,
P1,REVIEW_INCLUDE,review,HRPSEY656,IC_FLOW20260619,2170050,其他,165,false,0,?????????????165??,,,
P1,REVIEW_INCLUDE,review,HRPSEY656,IA_PERIODNAB,2106910,其他,83,false,0,??????????,,,
P1,REVIEW_INCLUDE,review,HRPSEY656,ARAP_TALLY_AGR,2019574,其他,30,true,0,??????????,,,
P1,REVIEW_INCLUDE,review,HRPSEY656,ARAP_TALLY,1967176,其他,104,true,0,??????????,,,
P1,REVIEW_INCLUDE,review,HRPSEY656,IC_ATP_F,1962279,其他,50,true,0,??????????,,,
P1,REVIEW_INCLUDE,review,HRPSEY656,IA_DETAILLEDGER20250425,1897227,其他,178,false,0,?????????????178??,,,
P1,REVIEW_INCLUDE,review,HRPSEY656,IA_DETAILLEDGER20250402,1841166,其他,178,false,0,?????????????178??,,,
P1,REVIEW_INCLUDE,review,HRPSEY656,RYHMC,1798838,其他,108,true,0,??????????,,,
P1,REVIEW_INCLUDE,review,HRPSEY656,PUB_WF_ACTINSTANCE,1461099,其他,10,true,0,??????????,,,
P1,REVIEW_INCLUDE,review,HRPSEY656,SM_MSG_RECEIVER,1452494,其他,5,true,0,??????????,,,
P1,REVIEW_INCLUDE,review,HRPSEY656,PUB_WF_MESSAGEMETA,1445571,其他,15,true,0,??????????,,,
P1,REVIEW_INCLUDE,review,HRPSEY656,PUB_WORKFLOWNOTE,1432164,其他,31,true,0,??????????,,,
P1,REVIEW_INCLUDE,review,HRPSEY656,PUB_WF_TASK,1420412,其他,17,true,0,??????????,,,
P1,REVIEW_INCLUDE,review,HRPSEY656,PUB_WF_TASKRECEIVER,1373927,其他,5,true,0,??????????,,,
P1,REVIEW_INCLUDE,review,HRPSEY656,FA_CAPITALSOURCEHISTORY,1273680,其他,14,true,0,??????????,,,
P1,REVIEW_INCLUDE,review,HRPSEY656,ARAP_TERMITEM,1257411,其他,33,true,0,??????????,,,
P1,REVIEW_INCLUDE,review,HRPSEY656,ARAP_BUSIDATA,1247960,其他,103,true,0,??????????,,,
P1,REVIEW_INCLUDE,review,HRPSEY656,ARAP_TALLY_ALL,1247763,其他,74,true,0,??????????,,,
P1,REVIEW_INCLUDE,review,HRPSEY656,SN_SERIALNO,967258,其他,78,true,0,??????????,,,
P1,REVIEW_INCLUDE,review,HRPSEY656,IC_MONTH_RECORD,842413,其他,50,false,0,??????????,,,
P1,REVIEW_INCLUDE,review,HRPSEY656,PUB_WF_ACTINSTANCESRC,797803,其他,5,true,0,??????????,,,
P1,REVIEW_INCLUDE,review,HRPSEY656,IA_MONTHNAB,771392,其他,19,true,0,??????????,,,
P1,REVIEW_INCLUDE,review,HRPSEY656,IC_GENERALOUT_L,764995,其他,19,true,0,??????????,,,
P1,REVIEW_INCLUDE,review,HRPSEY656,PUB_WF_TXMARK,740117,其他,3,true,0,??????????,,,
P1,REVIEW_INCLUDE,review,HRPSEY656,PUB_ALERTSEQUENCE,729192,其他,7,true,0,??????????,,,
P1,REVIEW_INCLUDE,review,HRPSEY656,IC_GENERALIN_L,723323,其他,19,true,0,??????????,,,
P1,REVIEW_INCLUDE,review,HRPSEY656,FA_FUNDSDEP,713609,其他,25,true,0,??????????,,,
P1,REVIEW_INCLUDE,review,HRPSEY656,ARAP_VERIFYDETAIL,704192,其他,57,true,0,??????????,,,
P1,REVIEW_INCLUDE,review,HRPSEY656,SN_SERIALNO20250909,692814,其他,78,false,0,??????????,,,
P1,REVIEW_INCLUDE,review,HRPSEY656,IC_PURCHASEIN_L,684902,其他,19,true,0,??????????,,,
P1,REVIEW_INCLUDE,review,HRPSEY656,BD_ANSYLOG,682708,其他,9,true,0,??????????,,,
P1,REVIEW_INCLUDE,review,HRPSEY656,PUB_WF_INSTANCE,674479,其他,18,true,0,??????????,,,
P1,REVIEW_INCLUDE,review,HRPSEY656,FA_DEPGATHERSHEET,612046,其他,32,false,0,??????????,,,
P1,REVIEW_INCLUDE,review,HRPSEY656,IA_MONTHIN,598056,其他,83,false,0,??????????,,,
P1,REVIEW_INCLUDE,review,HRPSEY656,IC_VMI_MATCHDETAIL,597127,其他,11,true,0,??????????,,,
P1,REVIEW_INCLUDE,review,HRPSEY656,IC_VMI_SUM,591747,其他,69,true,0,??????????,,,
P1,REVIEW_INCLUDE,review,HRPSEY656,IA_MONTHOUT,583701,其他,83,false,0,??????????,,,
P1,REVIEW_INCLUDE,review,HRPSEY656,IC_VMI_OUTDETAIL,583189,其他,17,true,0,??????????,,,
P1,REVIEW_INCLUDE,review,HRPSEY656,AP_PAYABLEITEM,576017,其他,148,true,0,?????????????148??,,,
P1,REVIEW_INCLUDE,review,HRPSEY656,PO_VMIFI,527738,其他,101,true,0,??????????,,,
P1,REVIEW_INCLUDE,review,HRPSEY656,AP_ESTIPAYABLEITEM,517537,其他,146,true,0,?????????????146??,,,
P1,REVIEW_INCLUDE,review,HRPSEY656,IC_MONTH_HAND,405796,其他,38,false,0,??????????,,,
P1,REVIEW_INCLUDE,review,HRPSEY656,PO_STOREREQ_B,403143,其他,130,true,0,?????????????130??,,,
P1,REVIEW_INCLUDE,review,HRPSEY656,PUB_PRINT_CELL,352065,其他,35,true,0,??????????,,,
P1,REVIEW_INCLUDE,review,HRPSEY656,ST_TRANSBUSIRECORD,339062,其他,18,true,0,??????????,,,
P1,REVIEW_INCLUDE,review,HRPSEY656,IC_GENERALOUT_E,338067,其他,9,true,0,??????????,,,
P1,REVIEW_INCLUDE,review,HRPSEY656,IC_WHSTRANS_B,321811,其他,81,true,0,??????????,,,
P1,REVIEW_INCLUDE,review,HRPSEY656,COST_CALRESULT_B,320582,其他,34,true,0,??????????,,,
P1,REVIEW_INCLUDE,review,HRPSEY656,DICO_COLCAL,320582,其他,20,false,0,??????????,,,
P1,REVIEW_INCLUDE,review,HRPSEY656,IC_GENERALIN_E,319577,其他,7,true,0,??????????,,,
P1,REVIEW_INCLUDE,review,HRPSEY656,IC_GENERALOUT_B,319144,其他,128,true,0,?????????????128??,,,
P1,REVIEW_INCLUDE,review,HRPSEY656,IC_PURCHASEIN_E,255134,其他,15,true,0,??????????,,,
P1,REVIEW_INCLUDE,review,HRPSEY656,PAM_ALTER_SHEET,237934,其他,7,true,0,??????????,,,
P1,REVIEW_INCLUDE,review,HRPSEY656,SYS_EXPORT_SCHEMA_07,236111,其他,100,false,0,??????????,,,
P1,REVIEW_INCLUDE,review,HRPSEY656,SYS_EXPORT_SCHEMA_13,235383,其他,100,false,0,??????????,,,
P1,REVIEW_INCLUDE,review,HRPSEY656,BAP_FS_BODY,233504,其他,11,true,0,??????????,,,
P1,REVIEW_INCLUDE,review,HRPSEY656,BAP_FS_HEADER,233504,其他,15,true,0,??????????,,,
P1,REVIEW_INCLUDE,review,HRPSEY656,ST_TRANSATTACHRECORD,232298,其他,32,true,0,??????????,,,
P1,REVIEW_INCLUDE,review,HRPSEY656,SYS_EXPORT_SCHEMA_06,230918,其他,100,false,0,??????????,,,
P1,REVIEW_INCLUDE,review,HRPSEY656,PUB_ASYNC_RESULT,230854,其他,10,true,0,??????????,,,
P1,REVIEW_INCLUDE,review,HRPSEY656,SYS_EXPORT_SCHEMA_12,228868,其他,100,false,0,??????????,,,
P1,REVIEW_INCLUDE,review,HRPSEY656,SYS_EXPORT_SCHEMA_11,226992,其他,100,false,0,??????????,,,
P1,REVIEW_INCLUDE,review,HRPSEY656,ST_TRANSATTACHRECORD_B,223805,其他,11,true,0,??????????,,,
P1,REVIEW_INCLUDE,review,HRPSEY656,SYS_EXPORT_SCHEMA_10,223412,其他,100,false,0,??????????,,,
P1,REVIEW_INCLUDE,review,HRPSEY656,EBANK_YQLYLOGS,217305,其他,19,true,0,??????????,,,
P1,REVIEW_INCLUDE,review,HRPSEY656,AP_PAYITEM,214278,其他,165,true,0,?????????????165??,,,
P1,REVIEW_INCLUDE,review,HRPSEY656,CMP_DETAIL,212453,其他,161,true,0,?????????????161??,,,
P1,REVIEW_INCLUDE,review,HRPSEY656,SYS_EXPORT_SCHEMA_14,204163,其他,100,false,0,??????????,,,
P1,REVIEW_INCLUDE,review,HRPSEY656,SM_PUB_FILESYSTEM,202846,其他,19,true,0,??????????,,,
P1,REVIEW_INCLUDE,review,HRPSEY656,PO_ORDER_B,201581,其他,192,true,0,?????????????192??,,,
P1,REVIEW_INCLUDE,review,HRPSEY656,PO_ORDER_B_EC,195310,其他,13,true,0,??????????,,,
P1,REVIEW_INCLUDE,review,HRPSEY656,CMP_BANKACCDETAIL,190123,其他,82,true,0,??????????,,,
P1,REVIEW_INCLUDE,review,HRPSEY656,PO_ORDER_BB,187638,其他,103,true,0,??????????,,,
P1,REVIEW_INCLUDE,review,HRPSEY656,IC_MONTH_RECORDSIGN,186771,其他,50,false,0,??????????,,,
P1,REVIEW_INCLUDE,review,HRPSEY656,IC_SUPPLY,185989,其他,38,true,0,??????????,,,
P1,REVIEW_INCLUDE,review,HRPSEY656,SYS_EXPORT_SCHEMA_09,185517,其他,100,false,0,??????????,,,
P1,REVIEW_INCLUDE,review,HRPSEY656,MD_PROPERTY,182187,其他,40,true,0,??????????,,,
P1,REVIEW_INCLUDE,review,HRPSEY656,CMP_PAYMENT,181094,其他,25,true,0,??????????,,,
P1,REVIEW_INCLUDE,review,HRPSEY656,MD_ORMAP,174355,其他,6,true,0,??????????,,,
P1,REVIEW_INCLUDE,review,HRPSEY656,DC_PATIENTCHARGE_B,170765,其他,35,true,0,??????????,,,
P1,REVIEW_INCLUDE,review,HRPSEY656,IC_FLOW20230427,164892,其他,165,false,0,?????????????165??,,,
P1,REVIEW_INCLUDE,review,HRPSEY656,MD_COLUMN,162006,其他,28,true,0,??????????,,,
P1,REVIEW_INCLUDE,review,HRPSEY656,PUB_PRINTLOG,149896,其他,7,true,0,??????????,,,
P1,REVIEW_INCLUDE,review,HRPSEY656,FA_DEPGATHER_B,147110,其他,32,true,0,??????????,,,
P1,REVIEW_INCLUDE,review,HRPSEY656,PUB_PRINTNUMBER,145442,其他,18,true,0,??????????,,,
P1,REVIEW_INCLUDE,review,HRPSEY656,PUB_QUERY_CONDITION,132356,其他,47,true,0,??????????,,,
P1,REVIEW_INCLUDE,review,HRPSEY656,PUB_WORKINGTASKLOG,129199,其他,14,true,0,??????????,,,
P1,REVIEW_INCLUDE,review,HRPSEY656,EBANK_DBLOCK,124022,其他,4,false,0,??????????,,,
P1,REVIEW_INCLUDE,review,HRPSEY656,PUB_VOCHANGE_B,120380,其他,7,true,0,??????????,,,
P1,REVIEW_INCLUDE,review,HRPSEY656,IC_FLOW20230318,115215,其他,165,false,0,?????????????165??,,,
P1,REVIEW_INCLUDE,review,HRPSEY656,FA_CARD20240229,112681,其他,77,false,0,??????????,,,
P1,REVIEW_INCLUDE,review,HRPSEY656,FA_CARDSUB_BAT,112143,其他,83,false,0,??????????,,,
P1,REVIEW_INCLUDE,review,HRPSEY656,IC_WHSTRANS_H,111309,其他,58,true,0,??????????,,,
P1,REVIEW_INCLUDE,review,HRPSEY656,FA_CARD20230615,110995,其他,76,false,0,??????????,,,
P1,REVIEW_INCLUDE,review,HRPSEY656,IC_GENERALOUT_H,110648,其他,60,true,0,??????????,,,
P1,REVIEW_INCLUDE,review,HRPSEY656,EBANK_PALOG,108766,其他,20,true,0,??????????,,,
P1,REVIEW_INCLUDE,review,HRPSEY656,IA_GENERALNAB,101754,其他,18,true,0,??????????,,,
P1,REVIEW_INCLUDE,review,HRPSEY656,DICO_DICOSTRELATION,100277,其他,25,true,0,??????????,,,
P1,REVIEW_INCLUDE,review,HRPSEY656,COPRO_INCOMEDETAIL,100188,其他,35,true,0,??????????,,,
P1,REVIEW_INCLUDE,review,HRPSEY656,IUFO_MEASURE_DATA_6M10VUQA,50,其他,358,true,0,????????358??,,,
P1,REVIEW_INCLUDE,review,HRPSEY656,IUFO_MEASURE_DATA_7QSUNWXA,50,其他,358,true,0,????????358??,,,
P1,REVIEW_INCLUDE,review,HRPSEY656,IUFO_MEASURE_DATA_FHDVSG5L,50,其他,358,true,0,????????358??,,,
P1,REVIEW_INCLUDE,review,HRPSEY656,IUFO_MEASURE_DATA_JMK846T1,50,其他,358,true,0,????????358??,,,
P1,REVIEW_INCLUDE,review,HRPSEY656,IUFO_MEASURE_DATA_NUOYRMTI,50,其他,358,true,0,????????358??,,,
P1,REVIEW_INCLUDE,review,HRPSEY656,IUFO_MEASURE_DATA_TVAS9COI,50,其他,358,true,0,????????358??,,,
P1,REVIEW_INCLUDE,review,HRPSEY656,IUFO_MEASURE_DATA_0NUZZ42C,1,其他,358,true,0,????????358??,,,
P1,REVIEW_INCLUDE,review,HRPSEY656,IUFO_MEASURE_DATA_19ZS4SZA,1,其他,358,true,0,????????358??,,,
P1,REVIEW_INCLUDE,review,HRPSEY656,IUFO_MEASURE_DATA_8BM3UHOG,1,其他,358,true,0,????????358??,,,
P1,REVIEW_INCLUDE,review,HRPSEY656,IUFO_MEASURE_DATA_LVBQE8FK,1,其他,358,true,0,????????358??,,,
P1,REVIEW_INCLUDE,review,HRPSEY656,IUFO_MEASURE_DATA_NZ8FCR7X,1,其他,358,true,0,????????358??,,,
P1,REVIEW_INCLUDE,review,HRPSEY656,IUFO_MEASURE_DATA_XIIUP7GQ,1,其他,358,true,0,????????358??,,,
