from_table,to_table,relation_type,confidence,validation_level,validation_status,note
jhemr.diagnosis,jhemr.ba_manbing,view_dependency,B,static_view_sql,candidate,Vastbase pg_views definition; source database read-only metadata
jhemr.pat_master_index,jhemr.ba_manbing,view_dependency,B,static_view_sql,candidate,Vastbase pg_views definition; source database read-only metadata
jhemr.pat_visit,jhemr.ba_manbing,view_dependency,B,static_view_sql,candidate,Vastbase pg_views definition; source database read-only metadata
jhemr.dept_dict,jhemr.ba_manbing,view_dependency,B,static_view_sql,candidate,Vastbase pg_views definition; source database read-only metadata
jhfile.jhmr_file_content_dg,jhemr.ba_manbing,view_dependency,B,static_view_sql,candidate,Vastbase pg_views definition; source database read-only metadata
jhemr.jhmr_file_index,jhemr.ba_manbing,view_dependency,B,static_view_sql,candidate,Vastbase pg_views definition; source database read-only metadata
jhemr.pat_visit,jhemr.emr_medical_record_info,view_dependency,B,static_view_sql,candidate,Vastbase pg_views definition; source database read-only metadata
jhfile.jhmr_file_content_text,jhemr.emr_medical_record_info,view_dependency,B,static_view_sql,candidate,Vastbase pg_views definition; source database read-only metadata
jhemr.jhmr_file_index,jhemr.emr_medical_record_info,view_dependency,B,static_view_sql,candidate,Vastbase pg_views definition; source database read-only metadata
jhemr.emr_first_page_item_dict,jhemr.dbz_icuxx,view_dependency,B,static_view_sql,candidate,Vastbase pg_views definition; source database read-only metadata
report.r_grave_ward_detail,jhemr.dbz_icuxx,view_dependency,B,static_view_sql,candidate,Vastbase pg_views definition; source database read-only metadata
jhemr.pat_visit1,jhemr.dbz_jbxx,view_dependency,B,static_view_sql,candidate,Vastbase pg_views definition; source database read-only metadata
jhemr.first_page_costs,jhemr.dbz_jbxx,view_dependency,B,static_view_sql,candidate,Vastbase pg_views definition; source database read-only metadata
jhemr.pat_master_index,jhemr.dbz_jbxx,view_dependency,B,static_view_sql,candidate,Vastbase pg_views definition; source database read-only metadata
jhemr.emr_first_page_item_dict,jhemr.dbz_jbxx,view_dependency,B,static_view_sql,candidate,Vastbase pg_views definition; source database read-only metadata
jhemr.pat_visit,jhemr.dbz_jbxx,view_dependency,B,static_view_sql,candidate,Vastbase pg_views definition; source database read-only metadata
jhemr.diagnosis,jhemr.dbz_jbxx,view_dependency,B,static_view_sql,candidate,Vastbase pg_views definition; source database read-only metadata
jhemr.dept_dict,jhemr.dbz_jbxx,view_dependency,B,static_view_sql,candidate,Vastbase pg_views definition; source database read-only metadata
jhemr.pat_visit1,jhemr.dbz_jbxx0327,view_dependency,B,static_view_sql,candidate,Vastbase pg_views definition; source database read-only metadata
jhemr.first_page_costs,jhemr.dbz_jbxx0327,view_dependency,B,static_view_sql,candidate,Vastbase pg_views definition; source database read-only metadata
jhemr.pat_master_index,jhemr.dbz_jbxx0327,view_dependency,B,static_view_sql,candidate,Vastbase pg_views definition; source database read-only metadata
jhemr.emr_first_page_item_dict,jhemr.dbz_jbxx0327,view_dependency,B,static_view_sql,candidate,Vastbase pg_views definition; source database read-only metadata
jhemr.pat_visit,jhemr.dbz_jbxx0327,view_dependency,B,static_view_sql,candidate,Vastbase pg_views definition; source database read-only metadata
jhemr.diagnosis,jhemr.dbz_jbxx0327,view_dependency,B,static_view_sql,candidate,Vastbase pg_views definition; source database read-only metadata
jhemr.dept_dict,jhemr.dbz_jbxx0327,view_dependency,B,static_view_sql,candidate,Vastbase pg_views definition; source database read-only metadata
jhemr.emr_first_page_item_dict,jhemr.dbz_ssxx,view_dependency,B,static_view_sql,candidate,Vastbase pg_views definition; source database read-only metadata
jhemr.pat_visit,jhemr.dbz_ssxx,view_dependency,B,static_view_sql,candidate,Vastbase pg_views definition; source database read-only metadata
jhemr.operation,jhemr.dbz_ssxx,view_dependency,B,static_view_sql,candidate,Vastbase pg_views definition; source database read-only metadata
jhemr.pat_visit,jhemr.dbz_zdxx,view_dependency,B,static_view_sql,candidate,Vastbase pg_views definition; source database read-only metadata
jhemr.diagnosis,jhemr.dbz_zdxx,view_dependency,B,static_view_sql,candidate,Vastbase pg_views definition; source database read-only metadata
jhemr.diagnosis_type_dict,jhemr.dbz_zdxx,view_dependency,B,static_view_sql,candidate,Vastbase pg_views definition; source database read-only metadata
jhemr.pat_master_index,jhemr.discharge_summary,view_dependency,B,static_view_sql,candidate,Vastbase pg_views definition; source database read-only metadata
jhemr.pat_visit,jhemr.discharge_summary,view_dependency,B,static_view_sql,candidate,Vastbase pg_views definition; source database read-only metadata
jhemr.dept_dict,jhemr.discharge_summary,view_dependency,B,static_view_sql,candidate,Vastbase pg_views definition; source database read-only metadata
jhfile.jhmr_file_content_dg,jhemr.discharge_summary,view_dependency,B,static_view_sql,candidate,Vastbase pg_views definition; source database read-only metadata
jhemr.jhmr_file_index,jhemr.discharge_summary,view_dependency,B,static_view_sql,candidate,Vastbase pg_views definition; source database read-only metadata
jhfile.jhmr_file_content_text,jhemr.emr_bcjl,view_dependency,B,static_view_sql,candidate,Vastbase pg_views definition; source database read-only metadata
jhemr.jhmr_file_index,jhemr.emr_bcjl,view_dependency,B,static_view_sql,candidate,Vastbase pg_views definition; source database read-only metadata
jhemr.pat_diagnosis,jhemr.emr_phms,view_dependency,B,static_view_sql,candidate,Vastbase pg_views definition; source database read-only metadata
jhemr.pat_visit,jhemr.emr_phms,view_dependency,B,static_view_sql,candidate,Vastbase pg_views definition; source database read-only metadata
jhemr.diagnosis,jhemr.final_chief_diagnosis,view_dependency,B,static_view_sql,candidate,Vastbase pg_views definition; source database read-only metadata
jhemr.pat_visit,jhemr.his_sybccx,view_dependency,B,static_view_sql,candidate,Vastbase pg_views definition; source database read-only metadata
jhemr.jhmr_file_index,jhemr.jhmr_file_index_jc,view_dependency,B,static_view_sql,candidate,Vastbase pg_views definition; source database read-only metadata
jhnis.jhnis_inpat_vital_signs,jhemr.jhnis_vital_signs_rec,view_dependency,B,static_view_sql,candidate,Vastbase pg_views definition; source database read-only metadata
jhnis.jhnism_nurse_info,jhemr.jhnism_v_staff_info,view_dependency,B,static_view_sql,candidate,Vastbase pg_views definition; source database read-only metadata
jhnis.jhnism_staff_basic_info,jhemr.jhnism_v_staff_info,view_dependency,B,static_view_sql,candidate,Vastbase pg_views definition; source database read-only metadata
jhnis.jhnism_staff_language_ability,jhemr.jhnism_v_staff_info,view_dependency,B,static_view_sql,candidate,Vastbase pg_views definition; source database read-only metadata
jhnis.jhnism_staff_rank_info,jhemr.jhnism_v_staff_info,view_dependency,B,static_view_sql,candidate,Vastbase pg_views definition; source database read-only metadata
jhemr.pat_visit,jhemr.mt_medical_record_first_disease,view_dependency,B,static_view_sql,candidate,Vastbase pg_views definition; source database read-only metadata
jhemr.users,jhemr.mt_medical_record_first_disease,view_dependency,B,static_view_sql,candidate,Vastbase pg_views definition; source database read-only metadata
jhemr.diagnosis,jhemr.mt_medical_record_first_disease,view_dependency,B,static_view_sql,candidate,Vastbase pg_views definition; source database read-only metadata
jhemr.disease_type,jhemr.mt_medical_record_first_disease,view_dependency,B,static_view_sql,candidate,Vastbase pg_views definition; source database read-only metadata
jhemr.pat_visit,jhemr.mt_medical_record_first_disease_d,view_dependency,B,static_view_sql,candidate,Vastbase pg_views definition; source database read-only metadata
jhemr.users,jhemr.mt_medical_record_first_disease_d,view_dependency,B,static_view_sql,candidate,Vastbase pg_views definition; source database read-only metadata
jhemr.diagnosis,jhemr.mt_medical_record_first_disease_d,view_dependency,B,static_view_sql,candidate,Vastbase pg_views definition; source database read-only metadata
jhemr.disease_type,jhemr.mt_medical_record_first_disease_d,view_dependency,B,static_view_sql,candidate,Vastbase pg_views definition; source database read-only metadata
jhemr.pat_visit,jhemr.mt_medical_record_first_fee,view_dependency,B,static_view_sql,candidate,Vastbase pg_views definition; source database read-only metadata
jhemr.first_page_costs,jhemr.mt_medical_record_first_fee,view_dependency,B,static_view_sql,candidate,Vastbase pg_views definition; source database read-only metadata
jhemr.pat_visit,jhemr.mt_medical_record_first_fee_d,view_dependency,B,static_view_sql,candidate,Vastbase pg_views definition; source database read-only metadata
jhemr.first_page_costs,jhemr.mt_medical_record_first_fee_d,view_dependency,B,static_view_sql,candidate,Vastbase pg_views definition; source database read-only metadata
jhemr.emr_first_page_item_dict,jhemr.mt_medical_record_first_operation,view_dependency,B,static_view_sql,candidate,Vastbase pg_views definition; source database read-only metadata
jhemr.pat_visit,jhemr.mt_medical_record_first_operation,view_dependency,B,static_view_sql,candidate,Vastbase pg_views definition; source database read-only metadata
jhemr.operation,jhemr.mt_medical_record_first_operation,view_dependency,B,static_view_sql,candidate,Vastbase pg_views definition; source database read-only metadata
jhemr.emr_first_page_item_dict,jhemr.mt_medical_record_first_operation_d,view_dependency,B,static_view_sql,candidate,Vastbase pg_views definition; source database read-only metadata
jhemr.pat_visit,jhemr.mt_medical_record_first_operation_d,view_dependency,B,static_view_sql,candidate,Vastbase pg_views definition; source database read-only metadata
jhemr.operation,jhemr.mt_medical_record_first_operation_d,view_dependency,B,static_view_sql,candidate,Vastbase pg_views definition; source database read-only metadata
jhemr.emr_first_page_item_dict,jhemr.mt_medical_record_first_other,view_dependency,B,static_view_sql,candidate,Vastbase pg_views definition; source database read-only metadata
jhemr.pat_visit,jhemr.mt_medical_record_first_other,view_dependency,B,static_view_sql,candidate,Vastbase pg_views definition; source database read-only metadata
jhemr.diagnosis,jhemr.mt_medical_record_first_other,view_dependency,B,static_view_sql,candidate,Vastbase pg_views definition; source database read-only metadata
jhemr.pat_visit1,jhemr.mt_medical_record_first_other,view_dependency,B,static_view_sql,candidate,Vastbase pg_views definition; source database read-only metadata
jhemr.emr_first_page_item_dict,jhemr.mt_medical_record_first_other_d,view_dependency,B,static_view_sql,candidate,Vastbase pg_views definition; source database read-only metadata
jhemr.pat_visit,jhemr.mt_medical_record_first_other_d,view_dependency,B,static_view_sql,candidate,Vastbase pg_views definition; source database read-only metadata
jhemr.diagnosis,jhemr.mt_medical_record_first_other_d,view_dependency,B,static_view_sql,candidate,Vastbase pg_views definition; source database read-only metadata
jhemr.pat_visit1,jhemr.mt_medical_record_first_other_d,view_dependency,B,static_view_sql,candidate,Vastbase pg_views definition; source database read-only metadata
jhemr.pat_visit1,jhemr.mt_medical_record_first_patient,view_dependency,B,static_view_sql,candidate,Vastbase pg_views definition; source database read-only metadata
jhemr.diagnosis,jhemr.mt_medical_record_first_patient,view_dependency,B,static_view_sql,candidate,Vastbase pg_views definition; source database read-only metadata
jhemr.pat_master_index,jhemr.mt_medical_record_first_patient,view_dependency,B,static_view_sql,candidate,Vastbase pg_views definition; source database read-only metadata
jhemr.emr_first_page_item_dict,jhemr.mt_medical_record_first_patient,view_dependency,B,static_view_sql,candidate,Vastbase pg_views definition; source database read-only metadata
jhemr.pat_visit,jhemr.mt_medical_record_first_patient,view_dependency,B,static_view_sql,candidate,Vastbase pg_views definition; source database read-only metadata
jhemr.dept_dict,jhemr.mt_medical_record_first_patient,view_dependency,B,static_view_sql,candidate,Vastbase pg_views definition; source database read-only metadata
jhemr.pat_visit1,jhemr.mt_medical_record_first_patient_d,view_dependency,B,static_view_sql,candidate,Vastbase pg_views definition; source database read-only metadata
jhemr.diagnosis,jhemr.mt_medical_record_first_patient_d,view_dependency,B,static_view_sql,candidate,Vastbase pg_views definition; source database read-only metadata
jhemr.pat_master_index,jhemr.mt_medical_record_first_patient_d,view_dependency,B,static_view_sql,candidate,Vastbase pg_views definition; source database read-only metadata
jhemr.emr_first_page_item_dict,jhemr.mt_medical_record_first_patient_d,view_dependency,B,static_view_sql,candidate,Vastbase pg_views definition; source database read-only metadata
jhemr.pat_visit,jhemr.mt_medical_record_first_patient_d,view_dependency,B,static_view_sql,candidate,Vastbase pg_views definition; source database read-only metadata
jhemr.dept_dict,jhemr.mt_medical_record_first_patient_d,view_dependency,B,static_view_sql,candidate,Vastbase pg_views definition; source database read-only metadata
jhemr.jhmr_templet_class,jhemr.mt_patient_progress,view_dependency,B,static_view_sql,candidate,Vastbase pg_views definition; source database read-only metadata
jhemr.pat_visit,jhemr.mt_patient_progress,view_dependency,B,static_view_sql,candidate,Vastbase pg_views definition; source database read-only metadata
jhfile.jhmr_file_content_text,jhemr.mt_patient_progress,view_dependency,B,static_view_sql,candidate,Vastbase pg_views definition; source database read-only metadata
jhemr.jhmr_file_index,jhemr.mt_patient_progress,view_dependency,B,static_view_sql,candidate,Vastbase pg_views definition; source database read-only metadata
jhemr.dept_dict,jhemr.r_dept_level_dict,view_dependency,B,static_view_sql,candidate,Vastbase pg_views definition; source database read-only metadata
jhemr.emr_first_page_item_dict,jhemr.v_hisshouye1,view_dependency,B,static_view_sql,candidate,Vastbase pg_views definition; source database read-only metadata
jhemr.pat_visit,jhemr.v_hisshouye1,view_dependency,B,static_view_sql,candidate,Vastbase pg_views definition; source database read-only metadata
jhemr.pat_diagnosis,jhemr.v_hisshouye1,view_dependency,B,static_view_sql,candidate,Vastbase pg_views definition; source database read-only metadata
jhemr.pat_visit1,jhemr.v_hisshouye1,view_dependency,B,static_view_sql,candidate,Vastbase pg_views definition; source database read-only metadata
jhemr.pat_master_index,jhemr.v_admission_note,view_dependency,B,static_view_sql,candidate,Vastbase pg_views definition; source database read-only metadata
jhemr.pat_visit,jhemr.v_admission_note,view_dependency,B,static_view_sql,candidate,Vastbase pg_views definition; source database read-only metadata
jhfile.jhcdr_emr_data_element,jhemr.v_admission_note,view_dependency,B,static_view_sql,candidate,Vastbase pg_views definition; source database read-only metadata
jhemr.pat_diagnosis,jhemr.v_admission_note,view_dependency,B,static_view_sql,candidate,Vastbase pg_views definition; source database read-only metadata
jhfile.jhmr_file_content_dg,jhemr.v_admission_note,view_dependency,B,static_view_sql,candidate,Vastbase pg_views definition; source database read-only metadata
jhemr.jhmr_file_index,jhemr.v_admission_note,view_dependency,B,static_view_sql,candidate,Vastbase pg_views definition; source database read-only metadata
jhemr.pat_visit,jhemr.v_birth_list,view_dependency,B,static_view_sql,candidate,Vastbase pg_views definition; source database read-only metadata
jhfile.jhmr_file_content_dg,jhemr.v_birth_list,view_dependency,B,static_view_sql,candidate,Vastbase pg_views definition; source database read-only metadata
jhemr.jhmr_file_index,jhemr.v_birth_list,view_dependency,B,static_view_sql,candidate,Vastbase pg_views definition; source database read-only metadata
jhemr.pat_visit,jhemr.v_blws,view_dependency,B,static_view_sql,candidate,Vastbase pg_views definition; source database read-only metadata
jhemr.dept_dict,jhemr.v_blws,view_dependency,B,static_view_sql,candidate,Vastbase pg_views definition; source database read-only metadata
jhfile.jhmr_file_content_text,jhemr.v_blws,view_dependency,B,static_view_sql,candidate,Vastbase pg_views definition; source database read-only metadata
jhemr.jhmr_templet_class,jhemr.v_blws,view_dependency,B,static_view_sql,candidate,Vastbase pg_views definition; source database read-only metadata
jhemr.jhmr_file_index,jhemr.v_blws,view_dependency,B,static_view_sql,candidate,Vastbase pg_views definition; source database read-only metadata
jhemr.emr_first_page_item_dict,jhemr.v_cdaupload,view_dependency,B,static_view_sql,candidate,Vastbase pg_views definition; source database read-only metadata
jhemr.pat_visit,jhemr.v_cdaupload,view_dependency,B,static_view_sql,candidate,Vastbase pg_views definition; source database read-only metadata
jhemr.jhmr_file_index,jhemr.v_cdaupload,view_dependency,B,static_view_sql,candidate,Vastbase pg_views definition; source database read-only metadata
jhemr.pat_master_index,jhemr.v_cdaupload,view_dependency,B,static_view_sql,candidate,Vastbase pg_views definition; source database read-only metadata
jhemr.pat_master_index,jhemr.v_cdaupload1,view_dependency,B,static_view_sql,candidate,Vastbase pg_views definition; source database read-only metadata
jhemr.emr_first_page_item_dict,jhemr.v_cdaupload1,view_dependency,B,static_view_sql,candidate,Vastbase pg_views definition; source database read-only metadata
jhemr.pat_visit,jhemr.v_cdaupload1,view_dependency,B,static_view_sql,candidate,Vastbase pg_views definition; source database read-only metadata
jhemr.dc_cda_uploadtask,jhemr.v_cdaupload1,view_dependency,B,static_view_sql,candidate,Vastbase pg_views definition; source database read-only metadata
jhemr.dc_cda_fileuploadrecord,jhemr.v_cdaupload1,view_dependency,B,static_view_sql,candidate,Vastbase pg_views definition; source database read-only metadata
jhemr.pat_master_index,jhemr.v_cdaupload2,view_dependency,B,static_view_sql,candidate,Vastbase pg_views definition; source database read-only metadata
jhemr.emr_first_page_item_dict,jhemr.v_cdaupload2,view_dependency,B,static_view_sql,candidate,Vastbase pg_views definition; source database read-only metadata
jhemr.pat_visit,jhemr.v_cdaupload2,view_dependency,B,static_view_sql,candidate,Vastbase pg_views definition; source database read-only metadata
jhemr.dc_cda_uploadrecord,jhemr.v_cdaupload2,view_dependency,B,static_view_sql,candidate,Vastbase pg_views definition; source database read-only metadata
jhemr.dc_cda_uploadtask,jhemr.v_cdaupload2,view_dependency,B,static_view_sql,candidate,Vastbase pg_views definition; source database read-only metadata
jhemr.dc_cda_fileuploadrecord,jhemr.v_cdaupload2,view_dependency,B,static_view_sql,candidate,Vastbase pg_views definition; source database read-only metadata
jhemr.emr_first_page_item_dict,jhemr.v_cdaupload_dhzd,view_dependency,B,static_view_sql,candidate,Vastbase pg_views definition; source database read-only metadata
jhemr.pat_visit,jhemr.v_cdaupload_dhzd,view_dependency,B,static_view_sql,candidate,Vastbase pg_views definition; source database read-only metadata
jhemr.jhmr_file_index,jhemr.v_cdaupload_dhzd,view_dependency,B,static_view_sql,candidate,Vastbase pg_views definition; source database read-only metadata
jhemr.pat_master_index,jhemr.v_cdaupload_dhzd,view_dependency,B,static_view_sql,candidate,Vastbase pg_views definition; source database read-only metadata
report.r_pat_visit,jhemr.v_cdaupload_dhzd1,view_dependency,B,static_view_sql,candidate,Vastbase pg_views definition; source database read-only metadata
jhemr.pat_master_index,jhemr.v_cdaupload_dhzd1,view_dependency,B,static_view_sql,candidate,Vastbase pg_views definition; source database read-only metadata
jhemr.v_cdaupload,jhemr.v_cdaupload_sg,view_dependency,B,static_view_sql,candidate,Vastbase pg_views definition; source database read-only metadata
jhemr.v_cdaupload,jhemr.v_cdaupload_sgsb,view_dependency,B,static_view_sql,candidate,Vastbase pg_views definition; source database read-only metadata
jhemr.dc_cda_uploadrecord,jhemr.v_cdaupload_sgsb,view_dependency,B,static_view_sql,candidate,Vastbase pg_views definition; source database read-only metadata
jhemr.v_cdaupload,jhemr.v_cdauploadbc,view_dependency,B,static_view_sql,candidate,Vastbase pg_views definition; source database read-only metadata
jhemr.dc_cda_uploadrecord,jhemr.v_cdauploadbc,view_dependency,B,static_view_sql,candidate,Vastbase pg_views definition; source database read-only metadata
jhemr.pat_visit,jhemr.v_cdauploadqsjj,view_dependency,B,static_view_sql,candidate,Vastbase pg_views definition; source database read-only metadata
jhemr.pat_visit,jhemr.v_cdss,view_dependency,B,static_view_sql,candidate,Vastbase pg_views definition; source database read-only metadata
jhemr.dept_dict,jhemr.v_cdss,view_dependency,B,static_view_sql,candidate,Vastbase pg_views definition; source database read-only metadata
jhemr.pat_visit,jhemr.v_cdss_ba,view_dependency,B,static_view_sql,candidate,Vastbase pg_views definition; source database read-only metadata
jhemr.dept_dict,jhemr.v_cdss_ba,view_dependency,B,static_view_sql,candidate,Vastbase pg_views definition; source database read-only metadata
jhemr.pat_visit,jhemr.v_cdss_init,view_dependency,B,static_view_sql,candidate,Vastbase pg_views definition; source database read-only metadata
jhemr.pat_diagnosis,jhemr.v_chuyuanzhenduan,view_dependency,B,static_view_sql,candidate,Vastbase pg_views definition; source database read-only metadata
jhfile.jhmr_file_content_text,jhemr.v_convert_all,view_dependency,B,static_view_sql,candidate,Vastbase pg_views definition; source database read-only metadata
jhfile.jhmr_file_content_text,jhemr.v_convert_f,view_dependency,B,static_view_sql,candidate,Vastbase pg_views definition; source database read-only metadata
jhfile.jhmr_file_content_text,jhemr.v_convert_s,view_dependency,B,static_view_sql,candidate,Vastbase pg_views definition; source database read-only metadata
jhemr.pat_diagnosis,jhemr.v_diagnosis,view_dependency,B,static_view_sql,candidate,Vastbase pg_views definition; source database read-only metadata
jhemr.pat_diagnosis,jhemr.v_diagnosis_tohis,view_dependency,B,static_view_sql,candidate,Vastbase pg_views definition; source database read-only metadata
jhemr.pat_visit,jhemr.v_discharge_summary,view_dependency,B,static_view_sql,candidate,Vastbase pg_views definition; source database read-only metadata
jhfile.jhmr_file_content_dg,jhemr.v_discharge_summary,view_dependency,B,static_view_sql,candidate,Vastbase pg_views definition; source database read-only metadata
jhemr.jhmr_file_index,jhemr.v_discharge_summary,view_dependency,B,static_view_sql,candidate,Vastbase pg_views definition; source database read-only metadata
jhemr.pat_master_index,jhemr.v_discharge_summary,view_dependency,B,static_view_sql,candidate,Vastbase pg_views definition; source database read-only metadata
jhemr.pat_visit,jhemr.v_first_medical_record,view_dependency,B,static_view_sql,candidate,Vastbase pg_views definition; source database read-only metadata
jhfile.jhmr_file_content_dg,jhemr.v_first_medical_record,view_dependency,B,static_view_sql,candidate,Vastbase pg_views definition; source database read-only metadata
jhemr.jhmr_file_index,jhemr.v_first_medical_record,view_dependency,B,static_view_sql,candidate,Vastbase pg_views definition; source database read-only metadata
jhemr.pat_master_index,jhemr.v_first_medical_record,view_dependency,B,static_view_sql,candidate,Vastbase pg_views definition; source database read-only metadata
jhemr.pat_visit,jhemr.v_first_postoperative_course_record,view_dependency,B,static_view_sql,candidate,Vastbase pg_views definition; source database read-only metadata
jhfile.jhmr_file_content_text,jhemr.v_first_postoperative_course_record,view_dependency,B,static_view_sql,candidate,Vastbase pg_views definition; source database read-only metadata
jhemr.jhmr_file_index,jhemr.v_first_postoperative_course_record,view_dependency,B,static_view_sql,candidate,Vastbase pg_views definition; source database read-only metadata
jhemr.pat_master_index,jhemr.v_first_postoperative_course_record,view_dependency,B,static_view_sql,candidate,Vastbase pg_views definition; source database read-only metadata
jhemr.emr_first_page_item_dict,jhemr.v_hisicu,view_dependency,B,static_view_sql,candidate,Vastbase pg_views definition; source database read-only metadata
report.r_grave_ward_detail,jhemr.v_hisicu,view_dependency,B,static_view_sql,candidate,Vastbase pg_views definition; source database read-only metadata
jhemr.emr_first_page_item_dict,jhemr.v_hisshoushu,view_dependency,B,static_view_sql,candidate,Vastbase pg_views definition; source database read-only metadata
report.r_operation_doct,jhemr.v_hisshoushu,view_dependency,B,static_view_sql,candidate,Vastbase pg_views definition; source database read-only metadata
jhemr.operation,jhemr.v_hisshoushu1,view_dependency,B,static_view_sql,candidate,Vastbase pg_views definition; source database read-only metadata
jhemr.emr_first_page_item_dict,jhemr.v_hisshouye,view_dependency,B,static_view_sql,candidate,Vastbase pg_views definition; source database read-only metadata
report.r_pat_visit,jhemr.v_hisshouye,view_dependency,B,static_view_sql,candidate,Vastbase pg_views definition; source database read-only metadata
jhemr.pat_diagnosis,jhemr.v_hisshouye,view_dependency,B,static_view_sql,candidate,Vastbase pg_views definition; source database read-only metadata
report.r_pat_visit1,jhemr.v_hisshouye,view_dependency,B,static_view_sql,candidate,Vastbase pg_views definition; source database read-only metadata
jhemr.emr_first_page_item_dict,jhemr.v_hiszhenduan,view_dependency,B,static_view_sql,candidate,Vastbase pg_views definition; source database read-only metadata
report.r_diagnosis_doct,jhemr.v_hiszhenduan,view_dependency,B,static_view_sql,candidate,Vastbase pg_views definition; source database read-only metadata
jhemr.pat_visit1,jhemr.v_hiszhenduan,view_dependency,B,static_view_sql,candidate,Vastbase pg_views definition; source database read-only metadata
jhemr.pat_visit1,jhemr.v_hiszhenduan1,view_dependency,B,static_view_sql,candidate,Vastbase pg_views definition; source database read-only metadata
jhemr.diagnosis,jhemr.v_hiszhenduan1,view_dependency,B,static_view_sql,candidate,Vastbase pg_views definition; source database read-only metadata
jhemr.pat_visit,jhemr.v_hlht,view_dependency,B,static_view_sql,candidate,Vastbase pg_views definition; source database read-only metadata
jhemr.pat_master_index,jhemr.v_hlht,view_dependency,B,static_view_sql,candidate,Vastbase pg_views definition; source database read-only metadata
jhemr.dc_cda_uploadrecord,jhemr.v_hlht,view_dependency,B,static_view_sql,candidate,Vastbase pg_views definition; source database read-only metadata
jhemr.users,jhemr.v_inp_visit_base,view_dependency,B,static_view_sql,candidate,Vastbase pg_views definition; source database read-only metadata
jhemr.diagnosis,jhemr.v_inp_visit_base,view_dependency,B,static_view_sql,candidate,Vastbase pg_views definition; source database read-only metadata
jhemr.pat_master_index,jhemr.v_inp_visit_base,view_dependency,B,static_view_sql,candidate,Vastbase pg_views definition; source database read-only metadata
jhemr.pat_visit,jhemr.v_inp_visit_base,view_dependency,B,static_view_sql,candidate,Vastbase pg_views definition; source database read-only metadata
jhemr.pat_diagnosis,jhemr.v_inp_visit_base,view_dependency,B,static_view_sql,candidate,Vastbase pg_views definition; source database read-only metadata
jhemr.pats_in_hospital,jhemr.v_inp_visit_base,view_dependency,B,static_view_sql,candidate,Vastbase pg_views definition; source database read-only metadata
jhemr.dept_dict,jhemr.v_inp_visit_base,view_dependency,B,static_view_sql,candidate,Vastbase pg_views definition; source database read-only metadata
jhfile.jhmr_file_content_text,jhemr.v_inp_visit_base,view_dependency,B,static_view_sql,candidate,Vastbase pg_views definition; source database read-only metadata
jhemr.jhmr_file_index,jhemr.v_inp_visit_base,view_dependency,B,static_view_sql,candidate,Vastbase pg_views definition; source database read-only metadata
jhemr.users,jhemr.v_inp_visit_base_opt_bak,view_dependency,B,static_view_sql,candidate,Vastbase pg_views definition; source database read-only metadata
jhemr.diagnosis,jhemr.v_inp_visit_base_opt_bak,view_dependency,B,static_view_sql,candidate,Vastbase pg_views definition; source database read-only metadata
jhemr.pat_master_index,jhemr.v_inp_visit_base_opt_bak,view_dependency,B,static_view_sql,candidate,Vastbase pg_views definition; source database read-only metadata
jhemr.pat_visit,jhemr.v_inp_visit_base_opt_bak,view_dependency,B,static_view_sql,candidate,Vastbase pg_views definition; source database read-only metadata
jhemr.pat_diagnosis,jhemr.v_inp_visit_base_opt_bak,view_dependency,B,static_view_sql,candidate,Vastbase pg_views definition; source database read-only metadata
jhemr.pats_in_hospital,jhemr.v_inp_visit_base_opt_bak,view_dependency,B,static_view_sql,candidate,Vastbase pg_views definition; source database read-only metadata
jhemr.dept_dict,jhemr.v_inp_visit_base_opt_bak,view_dependency,B,static_view_sql,candidate,Vastbase pg_views definition; source database read-only metadata
jhfile.jhmr_file_content_text,jhemr.v_inp_visit_base_opt_bak,view_dependency,B,static_view_sql,candidate,Vastbase pg_views definition; source database read-only metadata
jhemr.jhmr_file_index,jhemr.v_inp_visit_base_opt_bak,view_dependency,B,static_view_sql,candidate,Vastbase pg_views definition; source database read-only metadata
jhemr.v_jhicu_evalution_score_his,jhemr.v_jhicu_evalution_last_score,view_dependency,B,static_view_sql,candidate,Vastbase pg_views definition; source database read-only metadata
jhnis.jhnis_care_main,jhemr.v_jhicu_evalution_score_his,view_dependency,B,static_view_sql,candidate,Vastbase pg_views definition; source database read-only metadata
jhnis.jhicu_evalution_score_history,jhemr.v_jhicu_evalution_score_his,view_dependency,B,static_view_sql,candidate,Vastbase pg_views definition; source database read-only metadata
jhemr.pats_in_hospital,jhemr.v_jhicu_evalution_score_his,view_dependency,B,static_view_sql,candidate,Vastbase pg_views definition; source database read-only metadata
jhemr.jhmr_file_index,jhemr.v_jhmr_file_index,view_dependency,B,static_view_sql,candidate,Vastbase pg_views definition; source database read-only metadata
jhemr.pat_visit,jhemr.v_jhnis_bp_today,view_dependency,B,static_view_sql,candidate,Vastbase pg_views definition; source database read-only metadata
jhnis.jhnis_inpat_vital_signs,jhemr.v_jhnis_bp_today,view_dependency,B,static_view_sql,candidate,Vastbase pg_views definition; source database read-only metadata
jhemr.pats_in_hospital,jhemr.v_jhnis_bp_today,view_dependency,B,static_view_sql,candidate,Vastbase pg_views definition; source database read-only metadata
jhemr.emr_nurse_emrfile_elem,jhemr.v_jhnis_catheter_remind,view_dependency,B,static_view_sql,candidate,Vastbase pg_views definition; source database read-only metadata
jhemr.emr_nurse_emrfile_index,jhemr.v_jhnis_catheter_remind,view_dependency,B,static_view_sql,candidate,Vastbase pg_views definition; source database read-only metadata
jhemr.emr_nurse_elem_dict,jhemr.v_jhnis_catheter_remind,view_dependency,B,static_view_sql,candidate,Vastbase pg_views definition; source database read-only metadata
jhemr.pat_visit,jhemr.v_jhnis_defecate_today,view_dependency,B,static_view_sql,candidate,Vastbase pg_views definition; source database read-only metadata
jhnis.jhnis_inpat_vital_signs,jhemr.v_jhnis_defecate_today,view_dependency,B,static_view_sql,candidate,Vastbase pg_views definition; source database read-only metadata
jhemr.pats_in_hospital,jhemr.v_jhnis_defecate_today,view_dependency,B,static_view_sql,candidate,Vastbase pg_views definition; source database read-only metadata
jhemr.pat_visit,jhemr.v_jhnis_firstdayofweek_patient,view_dependency,B,static_view_sql,candidate,Vastbase pg_views definition; source database read-only metadata
jhemr.pats_in_hospital,jhemr.v_jhnis_firstdayofweek_patient,view_dependency,B,static_view_sql,candidate,Vastbase pg_views definition; source database read-only metadata
jhnis.jhnis_temperature_items,jhemr.v_jhnis_high_fever_pats,view_dependency,B,static_view_sql,candidate,Vastbase pg_views definition; source database read-only metadata
jhnis.jhnis_inpat_vital_signs,jhemr.v_jhnis_high_fever_pats,view_dependency,B,static_view_sql,candidate,Vastbase pg_views definition; source database read-only metadata
jhemr.pats_in_hospital,jhemr.v_jhnis_high_temp_pats,view_dependency,B,static_view_sql,candidate,Vastbase pg_views definition; source database read-only metadata
jhemr.vital_signs_rec,jhemr.v_jhnis_high_temp_pats,view_dependency,B,static_view_sql,candidate,Vastbase pg_views definition; source database read-only metadata
jhemr.pat_visit,jhemr.v_jhnis_newadm_pats,view_dependency,B,static_view_sql,candidate,Vastbase pg_views definition; source database read-only metadata
jhemr.pats_in_hospital,jhemr.v_jhnis_newadm_pats,view_dependency,B,static_view_sql,candidate,Vastbase pg_views definition; source database read-only metadata
jhnis.jhnis_inpat_vital_signs,jhemr.v_jhnis_pain_pats,view_dependency,B,static_view_sql,candidate,Vastbase pg_views definition; source database read-only metadata
jhemr.pat_visit,jhemr.v_jhnis_temp_new_temp,view_dependency,B,static_view_sql,candidate,Vastbase pg_views definition; source database read-only metadata
jhemr.pat_visit,jhemr.v_jhnis_temp_vs_nurssing,view_dependency,B,static_view_sql,candidate,Vastbase pg_views definition; source database read-only metadata
jhnis.jhnis_inpat_vital_signs,jhemr.v_jhnis_temp_vs_nurssing,view_dependency,B,static_view_sql,candidate,Vastbase pg_views definition; source database read-only metadata
jhemr.v_jhnis_catheter_remind,jhemr.v_jhnis_using_catheter_data,view_dependency,B,static_view_sql,candidate,Vastbase pg_views definition; source database read-only metadata
jhnis.jhnis_inpat_vital_signs,jhemr.v_jhnis_vital_signs,view_dependency,B,static_view_sql,candidate,Vastbase pg_views definition; source database read-only metadata
jhemr.pat_visit,jhemr.v_jhnis_weight_today,view_dependency,B,static_view_sql,candidate,Vastbase pg_views definition; source database read-only metadata
jhnis.jhnis_inpat_vital_signs,jhemr.v_jhnis_weight_today,view_dependency,B,static_view_sql,candidate,Vastbase pg_views definition; source database read-only metadata
jhemr.pats_in_hospital,jhemr.v_jhnis_weight_today,view_dependency,B,static_view_sql,candidate,Vastbase pg_views definition; source database read-only metadata
jhcdr.jhcdr_inpat_order,jhemr.v_jhnis_weight_today,view_dependency,B,static_view_sql,candidate,Vastbase pg_views definition; source database read-only metadata
jhemr.jhsd_elem_items_emr_map,jhemr.v_jhsd_diagnosis,view_dependency,B,static_view_sql,candidate,Vastbase pg_views definition; source database read-only metadata
jhemr.diagnosis,jhemr.v_jhsd_diagnosis,view_dependency,B,static_view_sql,candidate,Vastbase pg_views definition; source database read-only metadata
jhemr.first_page_costs,jhemr.v_jhsd_first_page_costs,view_dependency,B,static_view_sql,candidate,Vastbase pg_views definition; source database read-only metadata
jhemr.operation,jhemr.v_jhsd_operation,view_dependency,B,static_view_sql,candidate,Vastbase pg_views definition; source database read-only metadata
jhemr.jhsd_elem_items_emr_map,jhemr.v_jhsd_operation,view_dependency,B,static_view_sql,candidate,Vastbase pg_views definition; source database read-only metadata
jhemr.pat_visit,jhemr.v_jhsd_pat_visit,view_dependency,B,static_view_sql,candidate,Vastbase pg_views definition; source database read-only metadata
jhemr.pat_master_index,jhemr.v_jhsd_pat_visit,view_dependency,B,static_view_sql,candidate,Vastbase pg_views definition; source database read-only metadata
jhemr.jhmr_templet_class,jhemr.v_jinchuangbl,view_dependency,B,static_view_sql,candidate,Vastbase pg_views definition; source database read-only metadata
jhemr.pat_visit,jhemr.v_jinchuangbl,view_dependency,B,static_view_sql,candidate,Vastbase pg_views definition; source database read-only metadata
jhemr.jhmr_file_index,jhemr.v_jinchuangbl,view_dependency,B,static_view_sql,candidate,Vastbase pg_views definition; source database read-only metadata
jhemr.pat_visit,jhemr.v_mrcatalog_delay_sign,view_dependency,B,static_view_sql,candidate,Vastbase pg_views definition; source database read-only metadata
jhemr.dept_dict,jhemr.v_mrcatalog_delay_sign,view_dependency,B,static_view_sql,candidate,Vastbase pg_views definition; source database read-only metadata
jhemr.pat_master_index,jhemr.v_mrcatalog_delay_sign,view_dependency,B,static_view_sql,candidate,Vastbase pg_views definition; source database read-only metadata
jhemr.pat_visit,jhemr.v_mrcatalog_no_sign,view_dependency,B,static_view_sql,candidate,Vastbase pg_views definition; source database read-only metadata
jhemr.dept_dict,jhemr.v_mrcatalog_no_sign,view_dependency,B,static_view_sql,candidate,Vastbase pg_views definition; source database read-only metadata
jhemr.pat_master_index,jhemr.v_mrcatalog_no_sign,view_dependency,B,static_view_sql,candidate,Vastbase pg_views definition; source database read-only metadata
jhemr.emr_first_page_item_dict,jhemr.v_operation_dict,view_dependency,B,static_view_sql,candidate,Vastbase pg_views definition; source database read-only metadata
jhemr.operation_contrast_dict,jhemr.v_operation_dict,view_dependency,B,static_view_sql,candidate,Vastbase pg_views definition; source database read-only metadata
jhemr.operation_dict,jhemr.v_operation_dict,view_dependency,B,static_view_sql,candidate,Vastbase pg_views definition; source database read-only metadata
jhemr.operation,jhemr.v_operative_note,view_dependency,B,static_view_sql,candidate,Vastbase pg_views definition; source database read-only metadata
jhemr.pat_visit,jhemr.v_operative_note,view_dependency,B,static_view_sql,candidate,Vastbase pg_views definition; source database read-only metadata
jhfile.jhmr_file_content_text,jhemr.v_operative_note,view_dependency,B,static_view_sql,candidate,Vastbase pg_views definition; source database read-only metadata
jhemr.jhmr_file_index,jhemr.v_operative_note,view_dependency,B,static_view_sql,candidate,Vastbase pg_views definition; source database read-only metadata
jhemr.bed_rec,jhemr.v_patcardlist,view_dependency,B,static_view_sql,candidate,Vastbase pg_views definition; source database read-only metadata
jhemr.pat_master_index,jhemr.v_patcardlist,view_dependency,B,static_view_sql,candidate,Vastbase pg_views definition; source database read-only metadata
jhemr.pat_visit,jhemr.v_patcardlist,view_dependency,B,static_view_sql,candidate,Vastbase pg_views definition; source database read-only metadata
jhemr.pats_in_hospital,jhemr.v_patcardlist,view_dependency,B,static_view_sql,candidate,Vastbase pg_views definition; source database read-only metadata
jhemr.jhinpat_mr_on_line,jhemr.v_patcardlist,view_dependency,B,static_view_sql,candidate,Vastbase pg_views definition; source database read-only metadata
jhemr.pats_in_hospital,jhemr.v_pats_in_hospital,view_dependency,B,static_view_sql,candidate,Vastbase pg_views definition; source database read-only metadata
jhemr.diagnosis,jhemr.v_pats_in_hospital,view_dependency,B,static_view_sql,candidate,Vastbase pg_views definition; source database read-only metadata
jhemr.pat_visit,jhemr.v_preoperative_summary,view_dependency,B,static_view_sql,candidate,Vastbase pg_views definition; source database read-only metadata
jhfile.jhmr_file_content_dg,jhemr.v_preoperative_summary,view_dependency,B,static_view_sql,candidate,Vastbase pg_views definition; source database read-only metadata
jhemr.jhmr_file_index,jhemr.v_preoperative_summary,view_dependency,B,static_view_sql,candidate,Vastbase pg_views definition; source database read-only metadata
jhemr.pat_master_index,jhemr.v_preoperative_summary,view_dependency,B,static_view_sql,candidate,Vastbase pg_views definition; source database read-only metadata
jhemr.pat_visit,jhemr.v_progress_note,view_dependency,B,static_view_sql,candidate,Vastbase pg_views definition; source database read-only metadata
jhfile.jhmr_file_content_text,jhemr.v_progress_note,view_dependency,B,static_view_sql,candidate,Vastbase pg_views definition; source database read-only metadata
jhemr.jhmr_file_index,jhemr.v_progress_note,view_dependency,B,static_view_sql,candidate,Vastbase pg_views definition; source database read-only metadata
jhemr.pat_master_index,jhemr.v_progress_note,view_dependency,B,static_view_sql,candidate,Vastbase pg_views definition; source database read-only metadata
jhemr.pat_visit,jhemr.v_superior_rounds,view_dependency,B,static_view_sql,candidate,Vastbase pg_views definition; source database read-only metadata
jhfile.jhmr_file_content_text,jhemr.v_superior_rounds,view_dependency,B,static_view_sql,candidate,Vastbase pg_views definition; source database read-only metadata
jhemr.jhmr_file_index,jhemr.v_superior_rounds,view_dependency,B,static_view_sql,candidate,Vastbase pg_views definition; source database read-only metadata
jhemr.pat_master_index,jhemr.v_superior_rounds,view_dependency,B,static_view_sql,candidate,Vastbase pg_views definition; source database read-only metadata
jhemr.pat_visit,jhemr.v_sxzqtys,view_dependency,B,static_view_sql,candidate,Vastbase pg_views definition; source database read-only metadata
jhemr.jhmr_file_index,jhemr.v_sxzqtys,view_dependency,B,static_view_sql,candidate,Vastbase pg_views definition; source database read-only metadata
jhemr.pat_master_index,jhemr.v_sxzqtys,view_dependency,B,static_view_sql,candidate,Vastbase pg_views definition; source database read-only metadata
jhemr.pat_diagnosis,jhemr.v_病案_病案状态查询,view_dependency,B,static_view_sql,candidate,Vastbase pg_views definition; source database read-only metadata
jhemr.pat_visit,jhemr.v_病案_病案状态查询,view_dependency,B,static_view_sql,candidate,Vastbase pg_views definition; source database read-only metadata
jhemr.dept_dict,jhemr.v_病案_病案状态查询,view_dependency,B,static_view_sql,candidate,Vastbase pg_views definition; source database read-only metadata
jhemr.pat_master_index,jhemr.v_病案_病案状态查询,view_dependency,B,static_view_sql,candidate,Vastbase pg_views definition; source database read-only metadata
jhemr.pat_visit,jhemr.view_ckbl,view_dependency,B,static_view_sql,candidate,Vastbase pg_views definition; source database read-only metadata
jhfile.jhmr_file_content_dg,jhemr.view_ckbl,view_dependency,B,static_view_sql,candidate,Vastbase pg_views definition; source database read-only metadata
jhemr.jhmr_file_index,jhemr.view_ckbl,view_dependency,B,static_view_sql,candidate,Vastbase pg_views definition; source database read-only metadata
jhnis.jhnis_inpat_vital_signs,jhemr.view_jhnis_inpat_vital_signs,view_dependency,B,static_view_sql,candidate,Vastbase pg_views definition; source database read-only metadata
jhemr.operation,jhemr.view_operation_desc,view_dependency,B,static_view_sql,candidate,Vastbase pg_views definition; source database read-only metadata
jhemr.jhmr_file_index_vs_operation,jhemr.view_operation_desc,view_dependency,B,static_view_sql,candidate,Vastbase pg_views definition; source database read-only metadata
jhemr.pat_diagnosis,jhemr.view_zdhc,view_dependency,B,static_view_sql,candidate,Vastbase pg_views definition; source database read-only metadata
jhemr.vital_signs_rec,jhemr.vital_nis_to_emr,view_dependency,B,static_view_sql,candidate,Vastbase pg_views definition; source database read-only metadata
