K编号,标题,原台账序号,业务域,风险等级,涉及表
K001,"医保登记报""获取参保地参保人信息失败""",2,1.收费与结算,🟡配,无（接口调用类）
K002,医保规定有正常医保卡的参保人不允许进行无卡业务,3,1.收费与结算,🟡配,无
K003,"出院结算提示""诊断编码不能为空""",4,1.收费与结算,🟡配,无（界面操作修正）
K004,出院结算医保舍入金额 0.01,5,1.收费与结算,🔴写,`INPBILL.INP_BILL_DETAIL`（住院病人费用明细记录）
K005,出院结算医保舍入金额为 0.01 之外的金额,6,1.收费与结算,🟡配,无（费用上传审核环节）
K006,如何进行撤销结算,8,1.收费与结算,🟡配,无
K007,如何进行 HIS 的单撤单结,9,1.收费与结算,🟡配,无
K008,预交金充值提示未配置终端号,16,1.收费与结算,🟡配,`FXHIS.SYS_PAYMENT_COMPARE`（银联终端与IP对照表；2026-08-24 活库核实：FXHIS schema TABLE，16号快照未
K016,住院用血减免提示无类型,70,1.收费与结算,🔴写,`MEDREC.PAT_VISIT`（病人住院主记录）、`LAB.LAB_TEST_MASTER`（检验主记录）、`LAB.LAB_RESULT`（检验结果(大
K009,"新工号诊间结算提示""身份认证错误""",29,1.收费与结算,🟡配,无（地纬系统侧配置）
K010,Mis支付扣费失败,30,1.收费与结算,🟡配,无
K012,省外异地挂号报错，提示无诊断,47,1.收费与结算,🟡配,无
K013,"挂号提示""有卡不能进行无卡操作""",48,,🟡配,无
K014,诊间结算右侧显示报销比例不对,53,,🟡配,无
K015,异地医保、省直医保、省医保扣不了费,65,,🟡配,无（医保比例配置在地纬/医保办侧）
K011,自费处方结算报错,35,,🟡配,无（结算界面配置）
K017,药品有库存但开不出,27,2.医嘱与处方,🟡配,无（药房系统界面配置；物理库存与供应状态为不同字段）
K018,处置界面删除不了检查检验,51,2.医嘱与处方,🟡配,无
K019,下诊断后保存处方仍提示缺失诊断,56,2.医嘱与处方,🟡配,无
K020,怎么维护删除模板,57,2.医嘱与处方,🟡配,无
K021,出院时提示有未发药的处方,59,2.医嘱与处方,🟢读,`PHARMACY.DOCT_DRUG_PRESC_MASTER`（待发药住院处方主记录）、`COMM.DEPT_DICT`（科室字典）
K022,出院通知报错提示有未完成的处方、手术处方和摆药单,66,2.医嘱与处方,🟢读,`PHARMACY.DOCT_DRUG_PRESC_MASTER`（待发药住院处方主记录）、`PHARMACY.DRUG_PRESC_MASTER_TEMP`（
K023,维护特抗药专家,67,2.医嘱与处方,🟡配,`ORDADM.ORDERS_SPECIAL_ANTI_REQUEST`（特抗药申请使用会诊专家名单）
K024,查询出院患者未发药摆药单,68,2.医嘱与处方,🔴写,"`PHARMACY.DRUG_DISPENSE_PRE`（摆药预发药表(无库注释,依台账定名)）、`ORDADM.ORDERS`（医嘱）、`MEDREC.PAT"
K025,移动护理 PDA 执行时间/执行人变更,79,2.医嘱与处方,🔴写,`ORDADM.ORDERS_EXECUTE_DETAILS`（医嘱执行明细）
K026,开立医嘱提示违反唯一约束条件,80,,🔴写,`ORDADM.ORDERS_COSTS`（医嘱计价项目(绑费)）、`ORDADM.ORDERS`（医嘱）
K027,修改特抗药会诊内容,82,,🔴写,`FXHIS.SPECIAL_CONSUL_MASTER`（特抗药会诊主表）、`FXHIS.SPECIAL_ANTIMICROBIALS_DETAILS`（特抗
K028,药品在发药界面看不见,23,3.药房药库,🟡配,无（界面核查）
K038,静配欠费后未继续摆药,71,3.药房药库,🔴写,"**表名待核实**——台账原文""表名和字段如图所示""，截图未随镜像落地（见附录D）"
K029,合理用药普通药品被拦截,25,3.药房药库,🟡配,无（合理用药规则引擎，10.10.8.231:8281 管理端）
K030,医嘱/处方下拉列表无需要开立的药品,32,3.药房药库,🟡配,无（药房药库系统界面核查）
K031,护士站摆药显示库存中查无此药品,33,3.药房药库,🟢读,`COMM.INPUT_DRUG_LISTS_FOR_PRE`（药房对外摆药视图——2026-08-24 活库核实：COMM schema VIEW，16号快照
K032,发药界面查不到患者处方,34,3.药房药库,🟢读,`FXHIS.CLI_REQUEST_DRUG_VIEW`（待发药视图，另有 DRUG_USER 同名视图——2026-08-24 活库核实为 VIEW）
K033,读卡有患者信息但左侧列表无处方,36,3.药房药库,🟡配,无（按场景界面处理）
K034,盘点入库提示批次号数量为 0,38,3.药房药库,🟡配,无（库存管理界面）
K035,盘点时药品不全,39,3.药房药库,🟡配,无（盘点条件勾选）
K036,初始化建账存疑核查,40,3.药房药库,🟢读,无（初始建账模块界面）
K037,患者出院时显示有未完成监护,41,3.药房药库,🟡配,无（药学监护界面）
K039,出院提示有未确认的检查单,44,4.检验检查,🔴写,`EXAM.EXAM_MASTER`（检查主记录）、`PHARMACY.DOCT_DRUG_PRESC_MASTER`（待发药住院处方主记录）
K040,未安床之前，病区选错科室,13,4.检验检查,🟡配,无（界面修正）
K041,医技预约提示同步患者信息，HIS未注册,72,4.检验检查,🟢读,"`MEDREC.MEDICAL_CARD_VS_IDNO`（就诊卡-身份证对照(无库注释,依功能定名)）、`MEDREC.MEDICAL_CARD_MEMO`（"
K042,建档费别为空,78,4.检验检查,🔴写,`MEDREC.PAT_MASTER_INDEX`（病人主索引）
K043,getLodop 出错,1,4.检验检查,🟡配,无
K044,博思打印控件连接异常,10,4.检验检查,🟡配,无
K045,发票打印报错：参数[~placeCode]转入值[]找不到对照信息,11,4.检验检查,🟡配,无（博思侧配置）
K046,入院确认单需要补打,12,4.检验检查,🟡配,无
K047,怎么补打医疗结账,14,4.检验检查,🟡配,无
K048,住院处入院确认单、腕带打印配置,19,4.检验检查,🟡配,无
K054,床旁结算静默打印问题集,73,4.检验检查,🟡配,无
K050,打印出来很黑,24,5.患者主索引与建档,🟡配,无
K051,挂号读卡没反应,31,5.患者主索引与建档,🟡配,无
K053,读不了卡,46,5.患者主索引与建档,🟡配,无
K049,小治疗单、护理单打印不全,21,5.患者主索引与建档,🟡配,无（执行单分类配置）
K052,药房打印机不打印/点击打印不响应,37,6.打印与外设,🟡配,无
K055,操作员工号缺失某些菜单权限,15,6.打印与外设,🟡配,无（权限配置界面）
K056,住院处电脑插件安装配置,17,6.打印与外设,🟡配,无
K057,住院处电脑 hosts 文件配置,18,6.打印与外设,🟡配,无
K058,人员、科室权限的配置修改,28,7.权限与系统配置,🟡配,无（权限管理界面）
K059,"传染病上报""对照诊断不存在""",45,7.权限与系统配置,🔴写,"`COMM.INFECT_DIAG_DICT`（传染病诊断对照字典(无库注释,依台账定名)）"
K060,门诊电子病历签名为空/签名是❌,26,7.权限与系统配置,🟡配,无（签名文件上传至电子病历管理端）
K062,写不了电子病历,52,7.权限与系统配置,🟡配,无
K063,修改电子病历 OA 数据内容,81,7.权限与系统配置,🔴写,`YBEMR.MEDICAL_API_MEDICALRECORDS`（医保电子病历病历API表，含 COMMIT_ALL 字段——2026-08-24 经 OD
K061,会诊签名图片不显示,43,7.权限与系统配置,🟡配,无（签名更新界面）
K064,已下转科医嘱但无法进行转科,20,7.权限与系统配置,🟡配,无
K065,滚费多滚了,22,7.权限与系统配置,🟡配,无（计费规则判断）
K066,入错科室问题处理,60,8.电子病历与签名,🟡配,无
K067,入科医生填错了，需要修改,61,8.电子病历与签名,🟡配,无（病人信息界面）
K068,共用护理单元入科入错到另一共用单元的科,62,8.电子病历与签名,🟡配,无
K069,转科步骤,63,8.电子病历与签名,🟡配,无
K070,全院一张床功能,64,8.电子病历与签名,🟡配,无
K072,不挂号怎么查看患者之前的就诊信息,50,8.电子病历与签名,🟢读,无（全息视图界面）
K073,门诊换药量统计,69,8.电子病历与签名,🟢读,`OUTPBILL.OUTP_BILL_ITEMS`（门诊病人诊疗费用项目）、`OUTPBILL.OUTP_ORDER_DESC`（开单记录）、`OUTPBIL
K071,抗菌药物使用强度 DDD 值不准确,42,9.护士站业务,🟡配,无（系统配置·药品基本信息界面）
